feature,mean_abs_shap
discharge_disposition_id,0.03101134482424574
total_prior_visits,0.01395060476955166
number_inpatient,0.012793524999614914
time_in_hospital,0.0126638389048872
num_medications,0.007647849276328243
number_diagnoses,0.006188909516331374
num_lab_procedures,0.005418271978746071
payer_code_Missing,0.005252706705654727
age_[50-60),0.004830508613603256
diabetesMed_No,0.003501689443713637
diabetesMed_Yes,0.003371608987589375
age_[80-90),0.002975972549060403
diag_1_group_Circulatory,0.0029040606575373032
age_[70-80),0.002528697042697476
has_prior_emergency,0.002385128430387557
insulin_No,0.00216638781848419
number_emergency,0.002098525920911195
diag_1_group_Respiratory,0.001616870571805195
metformin_Steady,0.0015211946417403766
medical_specialty_Cardiology,0.0012661421601048882
metformin_No,0.00123832817679373
med_change,0.0010305664740548393
change_Ch,0.0009877846006983264
payer_code_BC,0.0009732663116589445
change_No,0.000926693120681658
race_Caucasian,0.000926537225648688
num_procedures,0.0008613193633469979
payer_code_HM,0.000816185522888103
admission_type_id,0.0008147123267651482
age_[40-50),0.0008024279245073236
admission_source_id,0.0007669846772501356
insulin_Down,0.0007529662238557909
medical_specialty_Missing,0.0007264384874641818
payer_code_MC,0.0006582085188186854
glipizide_No,0.0005379230026627051
number_outpatient,0.0005237529686561661
medical_specialty_ObstetricsandGynecology,0.0005175612705022493
diag_1_group_Musculoskeletal,0.0005100378473697387
payer_code_CP,0.0004971250561009341
medical_specialty_Emergency/Trauma,0.00045021562915506383
medical_specialty_Orthopedics-Reconstructive,0.00043795323254138907
diag_1_group_Injury,0.0004012668360275297
diag_1_group_Digestive,0.00038398724934573717
gender_Female,0.0003291905072181479
glipizide_Steady,0.0003245965429378564
diag_1_group_Diabetes,0.00032255297657313685
age_[30-40),0.0003082826423508196
medical_specialty_InternalMedicine,0.00030070258452855606
gender_Male,0.0002915035761837736
race_AfricanAmerican,0.00028974464600067763
age_[60-70),0.00027677416815359297
insulin_Steady,0.00026339113192105473
diag_1_group_Other,0.00025536761359410787
medical_specialty_Pediatrics-Endocrinology,0.00022316907567742825
repaglinide_Steady,0.0002099019874423981
repaglinide_No,0.00020841764556291288
pioglitazone_Steady,0.00019879455825861744
insulin_Up,0.00019143582008147967
glyburide_No,0.00018578646460570855
glyburide_Steady,0.00016145049212040486
medical_specialty_Family/GeneralPractice,0.00015535419241245288
medical_specialty_Surgery-General,0.0001546853571617553
payer_code_UN,0.00014903435949536854
metformin_Up,0.0001379253757024743
medical_specialty_Surgery-Cardiovascular/Thoracic,0.00013723698403958977
payer_code_CM,0.00013707361325532104
pioglitazone_No,0.0001344283589597752
age_[20-30),0.00012381690459376313
age_[90-100),0.00012232757506665793
glimepiride_Steady,0.00011099800760979146
diag_1_group_Genitourinary,0.00010320656929797432
race_Other,9.577180973138295e-05
race_Missing,9.218075016096296e-05
medical_specialty_Nephrology,9.214440130323082e-05
rosiglitazone_Steady,9.011878919510517e-05
diag_1_group_Neoplasms,8.41798426098839e-05
rosiglitazone_No,8.116262617330264e-05
race_Hispanic,7.801052634141473e-05
glipizide_Up,7.487389833994514e-05
payer_code_PO,6.769783303783778e-05
medical_specialty_Radiologist,6.113586558886403e-05
payer_code_SP,5.927990396213863e-05
medical_specialty_Psychiatry,5.611420254865995e-05
glipizide_Down,4.9832954223893e-05
age_[10-20),4.900459815047582e-05
glimepiride_No,4.787992901703031e-05
payer_code_MD,4.642374906274077e-05
age_[0-10),4.5044764787673286e-05
metformin_Down,4.450014644101763e-05
medical_specialty_Orthopedics,3.5917295186376246e-05
medical_specialty_Oncology,3.3497934345986006e-05
payer_code_OG,3.200127713859849e-05
medical_specialty_Surgery-Neuro,2.4810441633851008e-05
medical_specialty_Urology,2.4134539892263887e-05
medical_specialty_Gastroenterology,2.3367665253791794e-05
nateglinide_No,2.1557264322058108e-05
glyburide_Down,1.93208190285873e-05
medical_specialty_Surgery-Vascular,1.708260366872736e-05
medical_specialty_Pediatrics-CriticalCare,1.6223877172203424e-05
glyburide-metformin_Steady,1.5931163375901783e-05
medical_specialty_Hematology/Oncology,1.429260599156825e-05
race_Asian,1.2325720162567985e-05
glyburide_Up,1.2215930587875e-05
nateglinide_Steady,1.1304155016496737e-05
repaglinide_Up,1.105066864475397e-05
medical_specialty_PhysicalMedicineandRehabilitation,1.0285709558199432e-05
medical_specialty_Surgery-Cardiovascular,1.0171630402675694e-05
medical_specialty_Pulmonology,1.0082115546479014e-05
payer_code_DM,9.560045251840007e-06
pioglitazone_Up,9.341861625701998e-06
glyburide-metformin_No,7.460072641626847e-06
medical_specialty_Otolaryngology,6.083212130134124e-06
payer_code_WC,4.337898270008975e-06
acarbose_Steady,3.6604550360690055e-06
glimepiride_Down,3.634783795954863e-06
glimepiride_Up,3.1876224568931394e-06
acarbose_No,2.2121576056244937e-06
payer_code_CH,2.1401856752034866e-06
medical_specialty_Pediatrics,1.1783566815658384e-06
medical_specialty_Gynecology,8.616421702155156e-07
rosiglitazone_Up,6.714202525503907e-07
gender_Unknown/Invalid,0.0
payer_code_FR,0.0
payer_code_MP,0.0
payer_code_OT,0.0
payer_code_SI,0.0
medical_specialty_AllergyandImmunology,0.0
medical_specialty_Anesthesiology,0.0
medical_specialty_Anesthesiology-Pediatric,0.0
medical_specialty_Cardiology-Pediatric,0.0
medical_specialty_DCPTEAM,0.0
medical_specialty_Dentistry,0.0
medical_specialty_Dermatology,0.0
medical_specialty_Endocrinology,0.0
medical_specialty_Endocrinology-Metabolism,0.0
medical_specialty_Hematology,0.0
medical_specialty_Hospitalist,0.0
medical_specialty_InfectiousDiseases,0.0
medical_specialty_Neurology,0.0
medical_specialty_Neurophysiology,0.0
medical_specialty_Obsterics&Gynecology-GynecologicOnco,0.0
medical_specialty_Obstetrics,0.0
medical_specialty_Ophthalmology,0.0
medical_specialty_Osteopath,0.0
medical_specialty_OutreachServices,0.0
medical_specialty_Pathology,0.0
medical_specialty_Pediatrics-EmergencyMedicine,0.0
medical_specialty_Pediatrics-Hematology-Oncology,0.0
medical_specialty_Pediatrics-Neurology,0.0
medical_specialty_Pediatrics-Pulmonology,0.0
medical_specialty_Perinatology,0.0
medical_specialty_PhysicianNotFound,0.0
medical_specialty_Podiatry,0.0
medical_specialty_Proctology,0.0
medical_specialty_Psychiatry-Addictive,0.0
medical_specialty_Psychiatry-Child/Adolescent,0.0
medical_specialty_Psychology,0.0
medical_specialty_Radiology,0.0
medical_specialty_Resident,0.0
medical_specialty_Rheumatology,0.0
medical_specialty_Speech,0.0
medical_specialty_SportsMedicine,0.0
medical_specialty_Surgeon,0.0
medical_specialty_Surgery-Colon&Rectal,0.0
medical_specialty_Surgery-Maxillofacial,0.0
medical_specialty_Surgery-Pediatric,0.0
medical_specialty_Surgery-Plastic,0.0
medical_specialty_Surgery-Thoracic,0.0
medical_specialty_SurgicalSpecialty,0.0
repaglinide_Down,0.0
nateglinide_Down,0.0
nateglinide_Up,0.0
chlorpropamide_Down,0.0
chlorpropamide_No,0.0
chlorpropamide_Steady,0.0
chlorpropamide_Up,0.0
acetohexamide_No,0.0
acetohexamide_Steady,0.0
tolbutamide_No,0.0
tolbutamide_Steady,0.0
pioglitazone_Down,0.0
rosiglitazone_Down,0.0
acarbose_Up,0.0
miglitol_No,0.0
miglitol_Steady,0.0
miglitol_Up,0.0
troglitazone_No,0.0
troglitazone_Steady,0.0
tolazamide_No,0.0
tolazamide_Steady,0.0
glyburide-metformin_Down,0.0
glyburide-metformin_Up,0.0
glipizide-metformin_No,0.0
glipizide-metformin_Steady,0.0
glimepiride-pioglitazone_No,0.0
metformin-rosiglitazone_No,0.0
metformin-rosiglitazone_Steady,0.0
metformin-pioglitazone_No,0.0
diag_1_group_Missing,0.0
